rf,t-statistic,p-value
ari,-1.2477503839146904,0.21288336100461727
dale_chall,-2.0161807246991854,0.04464871532016985
flesch,-1.4080094289229033,0.1599488112401535
coleman_liau,-1.634845817207536,0.10290105735043395
flesch_kincaid,-1.393913425797839,0.16414658923228628
gunning_fog,-0.27318548407191917,0.7848574030062794
linsear_write,0.4562583297478692,0.6484649597265917
spache,-5.9636315420560555,5.659628593532995e-09
