rf,t-statistic,p-value
ari,7.297224949387166,2.0406011965068226e-12
dale_chall,-6.003452085190834,7.0718392392934635e-09
flesch,2.110475879069075,0.03544554966383569
coleman_liau,-5.6678880924970985,2.988011073004301e-08
flesch_kincaid,6.306033674811988,7.815107134406788e-10
gunning_fog,4.7415034215545395,2.9735353417448238e-06
linsear_write,7.45365820931866,6.657258775040077e-13
spache,4.3059560646020225,2.105188656965197e-05
