rf,t-statistic,p-value
ari,-10.083937035374486,1.4940865985923407e-17
dale_chall,0.9372615627976966,0.3505713319961
flesch,-11.391461254126588,1.2376174756188417e-20
coleman_liau,-0.6119295569831329,0.5417819101088899
flesch_kincaid,-12.68076771847342,1.1935975644452034e-23
gunning_fog,-10.112775904695619,1.2777077033890352e-17
linsear_write,-9.090680588247281,3.197594818193788e-15
spache,-13.427254048557021,2.255225128726956e-25
