rf,t-statistic,p-value
ari,3.5516812199940078,0.00046197870172095336
dale_chall,4.813658641333606,2.779707639332823e-06
flesch,7.056478083416485,1.730713466684454e-11
coleman_liau,5.891591684813378,1.3148014783846625e-08
flesch_kincaid,5.243296235164089,3.4184433532440133e-07
gunning_fog,4.77326025032616,3.142199613679739e-06
linsear_write,1.770478978997336,0.07783737718312884
spache,2.380050745528538,0.017997306720215142
