rf,t-statistic,p-value
ari,2.263662765953454,0.024245270653609912
dale_chall,-5.197329538911503,4.6197838447368436e-07
flesch,2.2943304996883875,0.022390817011767487
coleman_liau,3.1314470513911177,0.0019059056010553646
flesch_kincaid,3.177776644180894,0.0016303091069444383
gunning_fog,3.2663720740150586,0.0012088701996651099
linsear_write,7.166494590200746,5.3141094989602376e-12
spache,-6.784219431443374,5.258497573872116e-11
