rf,t-statistic,p-value
ari,1.0689486296956368,0.2858476778796335
dale_chall,-9.890774479731062,7.206536904054977e-19
flesch,-1.5238731084984014,0.12846644549135713
coleman_liau,-0.391338521484375,0.6957897629846438
flesch_kincaid,0.03681929656122045,0.9706506995123183
gunning_fog,-2.8550643556117197,0.004566736127642632
linsear_write,4.358052632753975,1.735015040853782e-05
spache,-7.914916035680567,3.527326670697962e-14
