rf,t-statistic,p-value
ari,-3.284335454611755,0.0012064608304402744
dale_chall,4.449216123413184,1.2783230917505382e-05
flesch,-0.8397025098606888,0.40187734410957276
coleman_liau,-0.9223095461418613,0.35724612907496733
flesch_kincaid,-1.7490718250094295,0.08164287646842136
gunning_fog,0.24169184119043557,0.8092197419721833
linsear_write,-1.2767888401955798,0.20289626024078974
spache,-0.7942377879621068,0.42782436810070446
