rf,t-statistic,p-value
ari,4.366573663748781,2.0887942322007576e-05
dale_chall,1.2900826357979602,0.19822226537817905
flesch,4.670576557062414,5.309764113345926e-06
coleman_liau,4.56840575779178,8.845866606039703e-06
flesch_kincaid,4.900322340274094,1.9912286919204793e-06
gunning_fog,5.760843765359365,3.4826008047249145e-08
linsear_write,3.8364945117254834,0.00016528272938595153
spache,1.8211923491068247,0.06978676536655676
